Small Molecule HMS LINCS ID,Small Molecule Name,Protein HMS LINCS ID,Protein Name,% Control,Assay compound conc,Conc unit
10001-101-1,Seliciclib,200001,AAK1,100.0,10,uM
10001-101-1,Seliciclib,200004,ABL1(E255K)-phosphorylated,64.0,10,uM
10001-101-1,Seliciclib,200006,ABL1(F317I)-nonphosphorylated,100.0,10,uM
10001-101-1,Seliciclib,200007,ABL1(F317I)-phosphorylated,100.0,10,uM
10001-101-1,Seliciclib,200009,ABL1(F317L)-nonphosphorylated,100.0,10,uM
10001-101-1,Seliciclib,200010,ABL1(F317L)-phosphorylated,100.0,10,uM
10001-101-1,Seliciclib,200012,ABL1(H396P)-nonphosphorylated,100.0,10,uM
10001-101-1,Seliciclib,200013,ABL1(H396P)-phosphorylated,99.0,10,uM
10001-101-1,Seliciclib,200015,ABL1(M351T)-phosphorylated,99.0,10,uM
10001-101-1,Seliciclib,200017,ABL1(Q252H)-nonphosphorylated,70.0,10,uM
10001-101-1,Seliciclib,200018,ABL1(Q252H)-phosphorylated,100.0,10,uM
10001-101-1,Seliciclib,200020,ABL1(T315I)-nonphosphorylated,100.0,10,uM
10001-101-1,Seliciclib,200021,ABL1(T315I)-phosphorylated,100.0,10,uM
10001-101-1,Seliciclib,200023,ABL1(Y253F)-phosphorylated,100.0,10,uM
10001-101-1,Seliciclib,200024,ABL1-nonphosphorylated,77.0,10,uM
10001-101-1,Seliciclib,200025,ABL1-phosphorylated,71.0,10,uM
10001-101-1,Seliciclib,200026,ABL2,100.0,10,uM
10001-101-1,Seliciclib,200027,ACVR1,100.0,10,uM
10001-101-1,Seliciclib,200028,ACVR1B,100.0,10,uM
10001-101-1,Seliciclib,200029,ACVR2A,100.0,10,uM
10001-101-1,Seliciclib,200030,ACVR2B,89.0,10,uM
10001-101-1,Seliciclib,200031,ACVRL1,100.0,10,uM
10001-101-1,Seliciclib,200032,ADCK3,100.0,10,uM
10001-101-1,Seliciclib,200033,ADCK4,55.0,10,uM
10001-101-1,Seliciclib,200034,AKT1,78.0,10,uM
10001-101-1,Seliciclib,200035,AKT2,89.0,10,uM
10001-101-1,Seliciclib,200036,AKT3,100.0,10,uM
10001-101-1,Seliciclib,200037,ALK,61.0,10,uM
10001-101-1,Seliciclib,200479,ALK(C1156Y),25.0,10,uM
10001-101-1,Seliciclib,200480,ALK(L1196M),34.0,10,uM
10001-101-1,Seliciclib,200038,AMPK-alpha1,100.0,10,uM
10001-101-1,Seliciclib,200039,AMPK-alpha2,91.0,10,uM
10001-101-1,Seliciclib,200040,ANKK1,73.0,10,uM
10001-101-1,Seliciclib,200041,NUAK1,100.0,10,uM
10001-101-1,Seliciclib,200042,M3K5,100.0,10,uM
10001-101-1,Seliciclib,200043,M3K6,100.0,10,uM
10001-101-1,Seliciclib,200044,AURKA,100.0,10,uM
10001-101-1,Seliciclib,200045,AURKB,79.0,10,uM
10001-101-1,Seliciclib,200046,AURKC,98.0,10,uM
10001-101-1,Seliciclib,200047,AXL,100.0,10,uM
10001-101-1,Seliciclib,200048,BIKE,94.0,10,uM
10001-101-1,Seliciclib,200049,BLK,100.0,10,uM
10001-101-1,Seliciclib,200050,BMPR1A,100.0,10,uM
10001-101-1,Seliciclib,200051,BMPR1B,100.0,10,uM
10001-101-1,Seliciclib,200052,BMPR2,99.0,10,uM
10001-101-1,Seliciclib,200053,BMX,100.0,10,uM
10001-101-1,Seliciclib,200054,BRAF,96.0,10,uM
10001-101-1,Seliciclib,200055,BRAF(V600E),100.0,10,uM
10001-101-1,Seliciclib,200056,PTK6,100.0,10,uM
10001-101-1,Seliciclib,200057,BRSK1,100.0,10,uM
10001-101-1,Seliciclib,200058,BRSK2,93.0,10,uM
10001-101-1,Seliciclib,200059,BTK,99.0,10,uM
10001-101-1,Seliciclib,200470,BUB1,98.0,10,uM
10001-101-1,Seliciclib,200060,CAMK1,100.0,10,uM
10001-101-1,Seliciclib,200061,CAMK1D,93.0,10,uM
10001-101-1,Seliciclib,200062,CAMK1G,100.0,10,uM
10001-101-1,Seliciclib,200063,CAMK2A,77.0,10,uM
10001-101-1,Seliciclib,200064,CAMK2B,91.0,10,uM
10001-101-1,Seliciclib,200065,KCC2D,87.0,10,uM
10001-101-1,Seliciclib,200066,CAMK2G,82.0,10,uM
10001-101-1,Seliciclib,200067,KCC4,66.0,10,uM
10001-101-1,Seliciclib,200068,KKCC1,43.0,10,uM
10001-101-1,Seliciclib,200069,CAMKK2,82.0,10,uM
10001-101-1,Seliciclib,200070,CASK,86.0,10,uM
10001-101-1,Seliciclib,200071,CDC2L1,100.0,10,uM
10001-101-1,Seliciclib,200072,CDC2L2,89.0,10,uM
10001-101-1,Seliciclib,200073,CDC2L5,75.0,10,uM
10001-101-1,Seliciclib,200074,CDK11,88.0,10,uM
10001-101-1,Seliciclib,200075,CDK2,46.0,10,uM
10001-101-1,Seliciclib,200076,CDK3,89.0,10,uM
10001-101-1,Seliciclib,200077,CDK4-cyclinD1,72.0,10,uM
10001-101-1,Seliciclib,200078,CDK4-cyclinD3,92.0,10,uM
10001-101-1,Seliciclib,200079,CDK5,27.0,10,uM
10001-101-1,Seliciclib,200080,CDK7,1.6,10,uM
10001-101-1,Seliciclib,200081,CDK8,100.0,10,uM
10001-101-1,Seliciclib,200082,CDK9,70.0,10,uM
10001-101-1,Seliciclib,200083,CDKL1,62.0,10,uM
10001-101-1,Seliciclib,200084,CDKL2,97.0,10,uM
10001-101-1,Seliciclib,200085,CDKL3,100.0,10,uM
10001-101-1,Seliciclib,200086,CDKL5,100.0,10,uM
10001-101-1,Seliciclib,200087,CHEK1,100.0,10,uM
10001-101-1,Seliciclib,200088,CHK2,89.0,10,uM
10001-101-1,Seliciclib,200089,CIT,94.0,10,uM
10001-101-1,Seliciclib,200090,CLK1,7.8,10,uM
10001-101-1,Seliciclib,200091,CLK2,2.5,10,uM
10001-101-1,Seliciclib,200092,CLK3,45.0,10,uM
10001-101-1,Seliciclib,200093,CLK4,13.0,10,uM
10001-101-1,Seliciclib,200094,CSF1R,100.0,10,uM
10001-101-1,Seliciclib,200471,CSF1R-autoinhibited,44.0,10,uM
10001-101-1,Seliciclib,200095,CSK,100.0,10,uM
10001-101-1,Seliciclib,200096,CSNK1A1,5.2,10,uM
10001-101-1,Seliciclib,200097,CSNK1A1L,4.1,10,uM
10001-101-1,Seliciclib,200098,CSNK1D,1.8,10,uM
10001-101-1,Seliciclib,200099,CSNK1E,0.2,10,uM
10001-101-1,Seliciclib,200100,KC1G1,55.0,10,uM
10001-101-1,Seliciclib,200101,KC1G2,16.0,10,uM
10001-101-1,Seliciclib,200102,CSNK1G3,22.0,10,uM
10001-101-1,Seliciclib,200103,CSNK2A1,44.0,10,uM
10001-101-1,Seliciclib,200104,CSNK2A2,100.0,10,uM
10001-101-1,Seliciclib,200105,CTK,100.0,10,uM
10001-101-1,Seliciclib,200106,DAPK1,95.0,10,uM
10001-101-1,Seliciclib,200107,DAPK2,91.0,10,uM
10001-101-1,Seliciclib,200108,DAPK3,100.0,10,uM
10001-101-1,Seliciclib,200109,DCLK1,51.0,10,uM
10001-101-1,Seliciclib,200110,DCAMKL2,93.0,10,uM
10001-101-1,Seliciclib,200111,DCAMKL3,93.0,10,uM
10001-101-1,Seliciclib,200112,DDR1,100.0,10,uM
10001-101-1,Seliciclib,200113,DDR2,100.0,10,uM
10001-101-1,Seliciclib,200114,M3K12,100.0,10,uM
10001-101-1,Seliciclib,200115,DMPK,100.0,10,uM
10001-101-1,Seliciclib,200116,DMPK2,100.0,10,uM
10001-101-1,Seliciclib,200117,DRAK1,92.0,10,uM
10001-101-1,Seliciclib,200118,DRAK2,90.0,10,uM
10001-101-1,Seliciclib,200119,DYRK1A,1.5,10,uM
10001-101-1,Seliciclib,200120,DYRK1B,1.2,10,uM
10001-101-1,Seliciclib,200121,DYRK2,69.0,10,uM
10001-101-1,Seliciclib,200122,EGFR,85.0,10,uM
10001-101-1,Seliciclib,200123,EGFR(E746-A750del),89.0,10,uM
10001-101-1,Seliciclib,200124,EGFR(G719C),99.0,10,uM
10001-101-1,Seliciclib,200125,EGFR(G719S),100.0,10,uM
10001-101-1,Seliciclib,200126,"EGFR(L747-E749del, A750P)",72.0,10,uM
10001-101-1,Seliciclib,200127,"EGFR(L747-S752del, P753S)",94.0,10,uM
10001-101-1,Seliciclib,200128,"EGFR(L747-T751del,Sins)",100.0,10,uM
10001-101-1,Seliciclib,200129,EGFR(L858R),74.0,10,uM
10001-101-1,Seliciclib,200130,"EGFR(L858R,T790M)",98.0,10,uM
10001-101-1,Seliciclib,200131,EGFR(L861Q),100.0,10,uM
10001-101-1,Seliciclib,200132,EGFR(S752-I759del),82.0,10,uM
10001-101-1,Seliciclib,200133,EGFR(T790M),100.0,10,uM
10001-101-1,Seliciclib,200134,EIF2AK1,100.0,10,uM
10001-101-1,Seliciclib,200135,EPHA1,100.0,10,uM
10001-101-1,Seliciclib,200136,EPHA2,100.0,10,uM
10001-101-1,Seliciclib,200137,EPHA3,69.0,10,uM
10001-101-1,Seliciclib,200138,EPHA4,100.0,10,uM
10001-101-1,Seliciclib,200139,EPHA5,100.0,10,uM
10001-101-1,Seliciclib,200140,EPHA6,100.0,10,uM
10001-101-1,Seliciclib,200141,EPHA7,100.0,10,uM
10001-101-1,Seliciclib,200142,EPHA8,100.0,10,uM
10001-101-1,Seliciclib,200143,EPHB1,100.0,10,uM
10001-101-1,Seliciclib,200144,EPHB2,91.0,10,uM
10001-101-1,Seliciclib,200145,EPHB3,100.0,10,uM
10001-101-1,Seliciclib,200146,EPHB4,100.0,10,uM
10001-101-1,Seliciclib,200147,EPHB6,90.0,10,uM
10001-101-1,Seliciclib,200148,ERBB2,100.0,10,uM
10001-101-1,Seliciclib,200149,ERBB3,94.0,10,uM
10001-101-1,Seliciclib,200150,ERBB4,92.0,10,uM
10001-101-1,Seliciclib,200151,MK03,100.0,10,uM
10001-101-1,Seliciclib,200152,MK01,100.0,10,uM
10001-101-1,Seliciclib,200153,ERK3,100.0,10,uM
10001-101-1,Seliciclib,200154,ERK4,100.0,10,uM
10001-101-1,Seliciclib,200155,ERK5,100.0,10,uM
10001-101-1,Seliciclib,200156,ERK8,49.0,10,uM
10001-101-1,Seliciclib,200157,ERN1,100.0,10,uM
10001-101-1,Seliciclib,200158,FAK1,83.0,10,uM
10001-101-1,Seliciclib,200159,FER,100.0,10,uM
10001-101-1,Seliciclib,200160,FES,100.0,10,uM
10001-101-1,Seliciclib,200161,FGFR1,98.0,10,uM
10001-101-1,Seliciclib,200162,FGFR2,100.0,10,uM
10001-101-1,Seliciclib,200163,FGFR3,100.0,10,uM
10001-101-1,Seliciclib,200164,FGFR3(G697C),100.0,10,uM
10001-101-1,Seliciclib,200165,FGFR4,100.0,10,uM
10001-101-1,Seliciclib,200166,FGR,100.0,10,uM
10001-101-1,Seliciclib,200167,VGFR1,95.0,10,uM
10001-101-1,Seliciclib,200168,FLT3,96.0,10,uM
10001-101-1,Seliciclib,200169,FLT3(D835H),100.0,10,uM
10001-101-1,Seliciclib,200170,FLT3(D835Y),100.0,10,uM
10001-101-1,Seliciclib,200171,FLT3(ITD),96.0,10,uM
10001-101-1,Seliciclib,200172,FLT3(K663Q),100.0,10,uM
10001-101-1,Seliciclib,200173,FLT3(N841I),96.0,10,uM
10001-101-1,Seliciclib,200174,FLT3(R834Q),92.0,10,uM
10001-101-1,Seliciclib,200472,FLT3-autoinhibited,100.0,10,uM
10001-101-1,Seliciclib,200175,FLT4,100.0,10,uM
10001-101-1,Seliciclib,200176,FRK,100.0,10,uM
10001-101-1,Seliciclib,200177,FYN,100.0,10,uM
10001-101-1,Seliciclib,200178,GAK,81.0,10,uM
10001-101-1,Seliciclib,200179,"GCN2(Kin.Dom.2,S808G)",100.0,10,uM
10001-101-1,Seliciclib,200180,GRK1,54.0,10,uM
10001-101-1,Seliciclib,200181,GRK4,99.0,10,uM
10001-101-1,Seliciclib,200182,GRK7,77.0,10,uM
10001-101-1,Seliciclib,200183,GSK3A,86.0,10,uM
10001-101-1,Seliciclib,200184,GSK3B,96.0,10,uM
10001-101-1,Seliciclib,200473,HASP,96.0,10,uM
10001-101-1,Seliciclib,200185,HCK,100.0,10,uM
10001-101-1,Seliciclib,200186,HIPK1,6.4,10,uM
10001-101-1,Seliciclib,200187,HIPK2,72.0,10,uM
10001-101-1,Seliciclib,200188,HIPK3,72.0,10,uM
10001-101-1,Seliciclib,200189,HIPK4,6.6,10,uM
10001-101-1,Seliciclib,200190,M4K1,96.0,10,uM
10001-101-1,Seliciclib,200191,HUNK,100.0,10,uM
10001-101-1,Seliciclib,200192,ICK,52.0,10,uM
10001-101-1,Seliciclib,200193,IGF1R,100.0,10,uM
10001-101-1,Seliciclib,200194,IKKA,83.0,10,uM
10001-101-1,Seliciclib,200195,IKKB,83.0,10,uM
10001-101-1,Seliciclib,200196,IKKE,100.0,10,uM
10001-101-1,Seliciclib,200197,INSR,55.0,10,uM
10001-101-1,Seliciclib,200198,INSRR,100.0,10,uM
10001-101-1,Seliciclib,200199,IRAK1,86.0,10,uM
10001-101-1,Seliciclib,200200,IRAK3,99.0,10,uM
10001-101-1,Seliciclib,200201,IRAK4,59.0,10,uM
10001-101-1,Seliciclib,200202,ITK,100.0,10,uM
10001-101-1,Seliciclib,200203,JAK1(JH1domain-catalytic),100.0,10,uM
10001-101-1,Seliciclib,200204,JAK1(JH2domain-pseudokinase),79.0,10,uM
10001-101-1,Seliciclib,200207,JAK2(JH1domain-catalytic),100.0,10,uM
10001-101-1,Seliciclib,200209,JAK3(JH1domain-catalytic),94.0,10,uM
10001-101-1,Seliciclib,200211,JNK1,64.0,10,uM
10001-101-1,Seliciclib,200212,MK09,39.0,10,uM
10001-101-1,Seliciclib,200213,JNK3,46.0,10,uM
10001-101-1,Seliciclib,200214,KIT,85.0,10,uM
10001-101-1,Seliciclib,200215,KIT(A829P),100.0,10,uM
10001-101-1,Seliciclib,200216,KIT(D816H),100.0,10,uM
10001-101-1,Seliciclib,200217,KIT(D816V),100.0,10,uM
10001-101-1,Seliciclib,200218,KIT(L576P),82.0,10,uM
10001-101-1,Seliciclib,200219,KIT(V559D),98.0,10,uM
10001-101-1,Seliciclib,200220,"KIT(V559D,T670I)",100.0,10,uM
10001-101-1,Seliciclib,200221,"KIT(V559D,V654A)",95.0,10,uM
10001-101-1,Seliciclib,200474,KIT-autoinhibited,89.0,10,uM
10001-101-1,Seliciclib,200222,LATS1,100.0,10,uM
10001-101-1,Seliciclib,200223,LATS2,100.0,10,uM
10001-101-1,Seliciclib,200224,LCK,100.0,10,uM
10001-101-1,Seliciclib,200225,LIMK1,100.0,10,uM
10001-101-1,Seliciclib,200226,LIMK2,100.0,10,uM
10001-101-1,Seliciclib,200227,LKB1,100.0,10,uM
10001-101-1,Seliciclib,200228,LOK,98.0,10,uM
10001-101-1,Seliciclib,200229,LRRK2,95.0,10,uM
10001-101-1,Seliciclib,200230,LRRK2(G2019S),98.0,10,uM
10001-101-1,Seliciclib,200231,LTK,43.0,10,uM
10001-101-1,Seliciclib,200232,LYN,95.0,10,uM
10001-101-1,Seliciclib,200233,M3K13,98.0,10,uM
10001-101-1,Seliciclib,200234,MAK,100.0,10,uM
10001-101-1,Seliciclib,200235,MAP3K1,100.0,10,uM
10001-101-1,Seliciclib,200236,MAP3K15,100.0,10,uM
10001-101-1,Seliciclib,200237,M3K2,100.0,10,uM
10001-101-1,Seliciclib,200238,MAP3K3,98.0,10,uM
10001-101-1,Seliciclib,200239,MAP3K4,100.0,10,uM
10001-101-1,Seliciclib,200240,MAP4K2,98.0,10,uM
10001-101-1,Seliciclib,200241,M4K3,100.0,10,uM
10001-101-1,Seliciclib,200242,MAP4K4,100.0,10,uM
10001-101-1,Seliciclib,200243,MAP4K5,100.0,10,uM
10001-101-1,Seliciclib,200244,MAPKAPK2,100.0,10,uM
10001-101-1,Seliciclib,200245,MAPKAPK5,100.0,10,uM
10001-101-1,Seliciclib,200246,MARK1,92.0,10,uM
10001-101-1,Seliciclib,200247,MARK2,53.0,10,uM
10001-101-1,Seliciclib,200248,MARK3,100.0,10,uM
10001-101-1,Seliciclib,200249,MARK4,88.0,10,uM
10001-101-1,Seliciclib,200250,MAST1,85.0,10,uM
10001-101-1,Seliciclib,200251,MP2K1,97.0,10,uM
10001-101-1,Seliciclib,200252,MP2K2,82.0,10,uM
10001-101-1,Seliciclib,200253,MP2K3,89.0,10,uM
10001-101-1,Seliciclib,200254,MP2K4,100.0,10,uM
10001-101-1,Seliciclib,200255,MP2K5,75.0,10,uM
10001-101-1,Seliciclib,200256,MP2K6,84.0,10,uM
10001-101-1,Seliciclib,200257,MELK,97.0,10,uM
10001-101-1,Seliciclib,200258,MERTK,90.0,10,uM
10001-101-1,Seliciclib,200259,MET,93.0,10,uM
10001-101-1,Seliciclib,200260,MET(M1250T),100.0,10,uM
10001-101-1,Seliciclib,200261,MET(Y1235D),40.0,10,uM
10001-101-1,Seliciclib,200262,MINK,61.0,10,uM
10001-101-1,Seliciclib,200263,MP2K7,100.0,10,uM
10001-101-1,Seliciclib,200264,MKNK1,100.0,10,uM
10001-101-1,Seliciclib,200265,MKNK2,100.0,10,uM
10001-101-1,Seliciclib,200266,MLCK,100.0,10,uM
10001-101-1,Seliciclib,200267,MLK1,100.0,10,uM
10001-101-1,Seliciclib,200268,MLK2,100.0,10,uM
10001-101-1,Seliciclib,200269,MLK3,100.0,10,uM
10001-101-1,Seliciclib,200270,MRCKA,100.0,10,uM
10001-101-1,Seliciclib,200271,MRCKB,100.0,10,uM
10001-101-1,Seliciclib,200272,MST1,100.0,10,uM
10001-101-1,Seliciclib,200273,MST1R,100.0,10,uM
10001-101-1,Seliciclib,200274,MST2,100.0,10,uM
10001-101-1,Seliciclib,200275,MST3,91.0,10,uM
10001-101-1,Seliciclib,200276,MST4,53.0,10,uM
10001-101-1,Seliciclib,200277,MTOR,100.0,10,uM
10001-101-1,Seliciclib,200278,MUSK,100.0,10,uM
10001-101-1,Seliciclib,200279,MYLK,82.0,10,uM
10001-101-1,Seliciclib,200280,MYLK2,100.0,10,uM
10001-101-1,Seliciclib,200281,MYLK4,96.0,10,uM
10001-101-1,Seliciclib,200282,MYO3A,97.0,10,uM
10001-101-1,Seliciclib,200283,MYO3B,85.0,10,uM
10001-101-1,Seliciclib,200284,NDR1,82.0,10,uM
10001-101-1,Seliciclib,200285,NDR2,99.0,10,uM
10001-101-1,Seliciclib,200286,NEK1,92.0,10,uM
10001-101-1,Seliciclib,200481,NEK10,80.0,10,uM
10001-101-1,Seliciclib,200287,NEK11,100.0,10,uM
10001-101-1,Seliciclib,200288,NEK2,100.0,10,uM
10001-101-1,Seliciclib,200289,NEK3,99.0,10,uM
10001-101-1,Seliciclib,200290,NEK4,96.0,10,uM
10001-101-1,Seliciclib,200291,NEK5,100.0,10,uM
10001-101-1,Seliciclib,200292,NEK6,100.0,10,uM
10001-101-1,Seliciclib,200293,NEK7,100.0,10,uM
10001-101-1,Seliciclib,200294,NEK9,100.0,10,uM
10001-101-1,Seliciclib,200295,NIM1,100.0,10,uM
10001-101-1,Seliciclib,200296,NLK,100.0,10,uM
10001-101-1,Seliciclib,200297,OSR1,54.0,10,uM
10001-101-1,Seliciclib,200298,MK14,100.0,10,uM
10001-101-1,Seliciclib,200299,MK11,100.0,10,uM
10001-101-1,Seliciclib,200300,MK13,98.0,10,uM
10001-101-1,Seliciclib,200301,MK12,60.0,10,uM
10001-101-1,Seliciclib,200302,PAK1,85.0,10,uM
10001-101-1,Seliciclib,200303,PAK2,100.0,10,uM
10001-101-1,Seliciclib,200304,PAK3,100.0,10,uM
10001-101-1,Seliciclib,200305,PAK4,29.0,10,uM
10001-101-1,Seliciclib,200306,PAK6,53.0,10,uM
10001-101-1,Seliciclib,200307,PAK7,28.0,10,uM
10001-101-1,Seliciclib,200309,CDK16,72.0,10,uM
10001-101-1,Seliciclib,200310,PCTK2,82.0,10,uM
10001-101-1,Seliciclib,200311,PCTK3,78.0,10,uM
10001-101-1,Seliciclib,200312,PGFRA,100.0,10,uM
10001-101-1,Seliciclib,200313,PGFRB,87.0,10,uM
10001-101-1,Seliciclib,200314,PDPK1,70.0,10,uM
10001-101-1,Seliciclib,200315,PFCDPK1(P.falciparum),100.0,10,uM
10001-101-1,Seliciclib,200316,PFPK5(P.falciparum),100.0,10,uM
10001-101-1,Seliciclib,200317,CDK15,52.0,10,uM
10001-101-1,Seliciclib,200318,CDK14,88.0,10,uM
10001-101-1,Seliciclib,200319,PHKG1,92.0,10,uM
10001-101-1,Seliciclib,200320,PHKG2,50.0,10,uM
10001-101-1,Seliciclib,200321,PIK3C2B,100.0,10,uM
10001-101-1,Seliciclib,200322,PIK3C2G,100.0,10,uM
10001-101-1,Seliciclib,200323,PIK3CA,100.0,10,uM
10001-101-1,Seliciclib,200324,PIK3CA(C420R),100.0,10,uM
10001-101-1,Seliciclib,200325,PIK3CA(E542K),100.0,10,uM
10001-101-1,Seliciclib,200326,PIK3CA(E545A),78.0,10,uM
10001-101-1,Seliciclib,200327,PIK3CA(E545K),88.0,10,uM
10001-101-1,Seliciclib,200328,PIK3CA(H1047L),100.0,10,uM
10001-101-1,Seliciclib,200329,PIK3CA(H1047Y),100.0,10,uM
10001-101-1,Seliciclib,200330,PIK3CA(I800L),100.0,10,uM
10001-101-1,Seliciclib,200331,PIK3CA(M1043I),94.0,10,uM
10001-101-1,Seliciclib,200332,PIK3CA(Q546K),100.0,10,uM
10001-101-1,Seliciclib,200333,PIK3CB,97.0,10,uM
10001-101-1,Seliciclib,200334,PIK3CD,98.0,10,uM
10001-101-1,Seliciclib,200335,PIK3CG,100.0,10,uM
10001-101-1,Seliciclib,200336,PIK4CB,64.0,10,uM
10001-101-1,Seliciclib,200337,PIM1,94.0,10,uM
10001-101-1,Seliciclib,200338,PIM2,73.0,10,uM
10001-101-1,Seliciclib,200339,PIM3,86.0,10,uM
10001-101-1,Seliciclib,200340,PIP5K1A,100.0,10,uM
10001-101-1,Seliciclib,200341,PIP5K1C,92.0,10,uM
10001-101-1,Seliciclib,200342,PIP5K2B,95.0,10,uM
10001-101-1,Seliciclib,200343,PI42C,73.0,10,uM
10001-101-1,Seliciclib,200344,PKAC-alpha,73.0,10,uM
10001-101-1,Seliciclib,200345,PKAC-beta,100.0,10,uM
10001-101-1,Seliciclib,200346,PKMYT1,93.0,10,uM
10001-101-1,Seliciclib,200347,PKN1,100.0,10,uM
10001-101-1,Seliciclib,200348,PKN2,100.0,10,uM
10001-101-1,Seliciclib,200349,PKNB(M.tuberculosis),87.0,10,uM
10001-101-1,Seliciclib,200350,PLK1,58.0,10,uM
10001-101-1,Seliciclib,200351,PLK2,83.0,10,uM
10001-101-1,Seliciclib,200352,PLK3,97.0,10,uM
10001-101-1,Seliciclib,200353,PLK4,69.0,10,uM
10001-101-1,Seliciclib,200354,KPCD,90.0,10,uM
10001-101-1,Seliciclib,200355,KPCE,89.0,10,uM
10001-101-1,Seliciclib,200356,KPCL,100.0,10,uM
10001-101-1,Seliciclib,200357,KPCI,100.0,10,uM
10001-101-1,Seliciclib,200358,KPCT,100.0,10,uM
10001-101-1,Seliciclib,200359,KPCD1,71.0,10,uM
10001-101-1,Seliciclib,200360,KPCD2,100.0,10,uM
10001-101-1,Seliciclib,200361,KPCD3,100.0,10,uM
10001-101-1,Seliciclib,200362,KGP1,100.0,10,uM
10001-101-1,Seliciclib,200363,KGP2,100.0,10,uM
10001-101-1,Seliciclib,200364,PRKR,100.0,10,uM
10001-101-1,Seliciclib,200365,PRKX,100.0,10,uM
10001-101-1,Seliciclib,200366,PRP4,81.0,10,uM
10001-101-1,Seliciclib,200367,FAK2,87.0,10,uM
10001-101-1,Seliciclib,200368,SIK3,100.0,10,uM
10001-101-1,Seliciclib,200369,RAF1,100.0,10,uM
10001-101-1,Seliciclib,200370,RET,100.0,10,uM
10001-101-1,Seliciclib,200371,RET(M918T),100.0,10,uM
10001-101-1,Seliciclib,200372,RET(V804L),100.0,10,uM
10001-101-1,Seliciclib,200373,RET(V804M),100.0,10,uM
10001-101-1,Seliciclib,200374,RIOK1,60.0,10,uM
10001-101-1,Seliciclib,200375,RIOK2,49.0,10,uM
10001-101-1,Seliciclib,200376,RIOK3,83.0,10,uM
10001-101-1,Seliciclib,200377,RIPK1,100.0,10,uM
10001-101-1,Seliciclib,200378,RIPK2,100.0,10,uM
10001-101-1,Seliciclib,200379,RIPK4,80.0,10,uM
10001-101-1,Seliciclib,200380,RIPK5,44.0,10,uM
10001-101-1,Seliciclib,200381,ROCK1,100.0,10,uM
10001-101-1,Seliciclib,200382,ROCK2,100.0,10,uM
10001-101-1,Seliciclib,200383,ROS1,100.0,10,uM
10001-101-1,Seliciclib,200390,RPS6KA4(Kin.Dom.1-N-terminal),89.0,10,uM
10001-101-1,Seliciclib,200392,RPS6KA4(Kin.Dom.2-C-terminal),70.0,10,uM
10001-101-1,Seliciclib,200394,RPS6KA5(Kin.Dom.1-N-terminal),96.0,10,uM
10001-101-1,Seliciclib,200396,RPS6KA5(Kin.Dom.2-C-terminal),100.0,10,uM
10001-101-1,Seliciclib,200399,RSK1(Kin.Dom.1-N-terminal),59.0,10,uM
10001-101-1,Seliciclib,200400,RSK1(Kin.Dom.2-C-terminal),56.0,10,uM
10001-101-1,Seliciclib,200401,RSK2(Kin.Dom.1-N-terminal),36.0,10,uM
10001-101-1,Seliciclib,200475,RSK2(Kin.Dom.2-C-terminal),84.0,10,uM
10001-101-1,Seliciclib,200402,RSK3(Kin.Dom.1-N-terminal),97.0,10,uM
10001-101-1,Seliciclib,200403,RSK3(Kin.Dom.2-C-terminal),54.0,10,uM
10001-101-1,Seliciclib,200404,RSK4(Kin.Dom.1-N-terminal),53.0,10,uM
10001-101-1,Seliciclib,200405,RSK4(Kin.Dom.2-C-terminal),63.0,10,uM
10001-101-1,Seliciclib,200406,S6K1,100.0,10,uM
10001-101-1,Seliciclib,200407,SBK1,99.0,10,uM
10001-101-1,Seliciclib,200476,SGK1,99.0,10,uM
10001-101-1,Seliciclib,200408,SgK110,100.0,10,uM
10001-101-1,Seliciclib,200409,SGK3,100.0,10,uM
10001-101-1,Seliciclib,200410,SIK1,97.0,10,uM
10001-101-1,Seliciclib,200411,SIK2,100.0,10,uM
10001-101-1,Seliciclib,200412,SLK,100.0,10,uM
10001-101-1,Seliciclib,200413,SNARK,100.0,10,uM
10001-101-1,Seliciclib,200414,SNRK,100.0,10,uM
10001-101-1,Seliciclib,200415,SRC,79.0,10,uM
10001-101-1,Seliciclib,200416,SRMS,100.0,10,uM
10001-101-1,Seliciclib,200417,SRPK1,100.0,10,uM
10001-101-1,Seliciclib,200418,SRPK2,100.0,10,uM
10001-101-1,Seliciclib,200419,SRPK3,100.0,10,uM
10001-101-1,Seliciclib,200420,STK16,44.0,10,uM
10001-101-1,Seliciclib,200421,STK33,70.0,10,uM
10001-101-1,Seliciclib,200422,STK35,100.0,10,uM
10001-101-1,Seliciclib,200423,STK36,100.0,10,uM
10001-101-1,Seliciclib,200424,STK39,74.0,10,uM
10001-101-1,Seliciclib,200425,SYK,100.0,10,uM
10001-101-1,Seliciclib,200426,TAK1,100.0,10,uM
10001-101-1,Seliciclib,200427,TAOK1,99.0,10,uM
10001-101-1,Seliciclib,200428,TAOK2,93.0,10,uM
10001-101-1,Seliciclib,200429,TAOK3,95.0,10,uM
10001-101-1,Seliciclib,200430,TBK1,68.0,10,uM
10001-101-1,Seliciclib,200431,TEC,100.0,10,uM
10001-101-1,Seliciclib,200432,TESK1,100.0,10,uM
10001-101-1,Seliciclib,200433,TGFBR1,100.0,10,uM
10001-101-1,Seliciclib,200434,TGFBR2,100.0,10,uM
10001-101-1,Seliciclib,200435,TIE1,100.0,10,uM
10001-101-1,Seliciclib,200436,TIE2,100.0,10,uM
10001-101-1,Seliciclib,200437,TLK1,97.0,10,uM
10001-101-1,Seliciclib,200438,TLK2,89.0,10,uM
10001-101-1,Seliciclib,200439,TNIK,52.0,10,uM
10001-101-1,Seliciclib,200440,TNK1,100.0,10,uM
10001-101-1,Seliciclib,200441,TNK2,96.0,10,uM
10001-101-1,Seliciclib,200442,TNNI3K,100.0,10,uM
10001-101-1,Seliciclib,200443,TRKA,100.0,10,uM
10001-101-1,Seliciclib,200444,TRKB,100.0,10,uM
10001-101-1,Seliciclib,200445,TRKC,88.0,10,uM
10001-101-1,Seliciclib,200446,TRPM6,100.0,10,uM
10001-101-1,Seliciclib,200447,TSSK1,99.0,10,uM
10001-101-1,Seliciclib,200448,TTK,10.0,10,uM
10001-101-1,Seliciclib,200449,TXK,100.0,10,uM
10001-101-1,Seliciclib,200450,TYK2(JH1domain-catalytic),100.0,10,uM
10001-101-1,Seliciclib,200451,TYK2(JH2domain-pseudokinase),100.0,10,uM
10001-101-1,Seliciclib,200454,TYRO3,100.0,10,uM
10001-101-1,Seliciclib,200455,ULK1,68.0,10,uM
10001-101-1,Seliciclib,200456,ULK2,94.0,10,uM
10001-101-1,Seliciclib,200457,ULK3,86.0,10,uM
10001-101-1,Seliciclib,200458,VGFR2,100.0,10,uM
10001-101-1,Seliciclib,200459,VRK2,16.0,10,uM
10001-101-1,Seliciclib,200460,WEE1,100.0,10,uM
10001-101-1,Seliciclib,200461,WEE2,100.0,10,uM
10001-101-1,Seliciclib,200477,WNK1,100.0,10,uM
10001-101-1,Seliciclib,200478,WNK3,77.0,10,uM
10001-101-1,Seliciclib,200462,YANK1,100.0,10,uM
10001-101-1,Seliciclib,200463,YANK2,100.0,10,uM
10001-101-1,Seliciclib,200464,YANK3,93.0,10,uM
10001-101-1,Seliciclib,200465,YES,100.0,10,uM
10001-101-1,Seliciclib,200466,YSK1,83.0,10,uM
10001-101-1,Seliciclib,200467,YSK4,92.0,10,uM
10001-101-1,Seliciclib,200468,MLTK,100.0,10,uM
10001-101-1,Seliciclib,200469,ZAP70,85.0,10,uM
10001-101-1,Seliciclib,201108,SGK2,100.0,10,uM
10001-101-1,Seliciclib,201107,MAP3K14,98.0,10,uM
